[Parameter Information];;;;;;;;;;;;;;;;;;;;;;;;;;;;;;;;;;;;;;;;;;;;;;;;;;;;;;;;;;;;;;;;;;;;;;;;;;;;;;;;;;;;;;;;;;;;;;;;;;
Name of parameter;CellName;Chemistry;CapaRef;WithAging;CircuitType;Mass;ConvectiveArea;Density;IsCylindrical;SpecificHeat;ThermalConduct;Umin;Umax;Icha;Icha10s;Icha30s;Idch;Idch10s;Idch30s;Trecomm;Tmin;Tmax;faradefftype;dUdTtype;hysttype;restype;cttype;difftype;Nrc;dhtype;trtype;agingtype;aginginfl;sohcsetting;sohrsetting;agingcurfilt;agingtype2R;Qcell;deltasochyst;tauI;Tref;fsohc;fsohr;ratioQEoL;ratioRohmEoL;ratioRctEoL;ratioRdiffEoL;Cratemin;EacycA;alphacycA;zcycA;alphacalR;zcalR;alphacycR;zcycR;fardefffileexpr;ocvfileexpr;ocvcfileexpr;ocvdfileexpr;ocvfileexprT;ocvcfileexprT;ocvdfileexprT;dUdTfileexpr;Rohmfileexpr;Rohmcfileexpr;Rohmdfileexpr;Rctfileexpr;Cctfileexpr;dssrfileexpr;dtcfileexpr;rwlpfileexpr;wlpfileexpr;whpfileexpr;Rdifffileexpr;Cdifffileexpr;Rdifffileexpr1;Cdifffileexpr1;Rdifffileexpr2;Cdifffileexpr2;Rdifffileexpr3;Cdifffileexpr3;Rdifffileexpr4;Cdifffileexpr4;ratioQfileexp;ratioRohmfileexp;ratioRctfileexp;ratioRdifffileexp;dsohcfileexp;dsohrfileexp;BcycAfileexpr;Bcalfileexpr;Eacalfileexpr;zcalfileexpr;agingcycSR;BcycSRfileexpr;alphacycSRfileexpr;betacycSRfileexpr;zcycSRfileexpr
Parameter to be sent to Amesim model? (=0: No, =1: Yes);0;0;0;0;0;0;0;0;0;0;0;0;0;0;0;0;0;0;0;0;0;0;1;1;1;1;1;1;1;1;1;0;1;1;1;1;1;1;1;1;1;1;1;1;1;1;1;1;1;1;1;1;1;1;1;1;1;1;1;1;1;1;1;1;1;1;1;1;1;1;1;1;1;1;1;1;1;1;1;1;1;1;1;1;1;1;1;1;1;1;1;1;1;1;1;1;1;1
Plot name (for legend of the plot, =NA: parameter not ploted);NA;NA;NA;NA;NA;NA;NA;NA;NA;NA;NA;NA;NA;NA;NA;NA;NA;NA;NA;NA;NA;NA;NA;NA;NA;NA;NA;NA;NA;NA;NA;NA;NA;NA;NA;NA;NA;NA;NA;NA;NA;NA;NA;NA;NA;NA;NA;NA;NA;NA;NA;NA;NA;NA;NA;NA;open circuit voltage;charge open circuit voltage;discharge open circuit voltage;open circuit voltage;charge open circuit voltage;discharge open circuit voltage;entropic coefficient;ohmic resistance;charge ohmic resistance;discharge ohmic resistance;charge transfer resistance;charge transfer capacitance;diffusion steady-state resistance;diffusion time coefficient;diffusion impedance imaginary part at Warburg lowest pulsation;diffusion Warburg lowest pulsation;diffusion Warburg highest pulsation;diffusion resistance;diffusion capacitance;diffusion resistance 1;diffusion capacitance 1;diffusion resistance 2;diffusion capacitance 2;diffusion resistance 3;diffusion capacitance 3;diffusion resistance 4;diffusion capacitance 4;NA;NA;NA;NA;NA;NA;NA;NA;NA;NA;NA;NA;NA;NA;NA
Format;STRING;STRING;FLOAT;INT;STRING;FLOAT;FLOAT;FLOAT;INT;FLOAT;FLOAT;FLOAT;FLOAT;FLOAT;FLOAT;FLOAT;FLOAT;FLOAT;FLOAT;FLOAT;FLOAT;FLOAT;INT;INT;INT;INT;INT;INT;INT;INT;INT;INT;INT;INT;INT;INT;INT;FLOAT;FLOAT;FLOAT;FLOAT;FLOAT;FLOAT;FLOAT;FLOAT;FLOAT;FLOAT;FLOAT;FLOAT;FLOAT;FLOAT;FLOAT;FLOAT;FLOAT;FLOAT;STRING;STRING;STRING;STRING;STRING;STRING;STRING;STRING;STRING;STRING;STRING;STRING;STRING;STRING;STRING;STRING;STRING;STRING;STRING;STRING;STRING;STRING;STRING;STRING;STRING;STRING;STRING;STRING;STRING;STRING;STRING;STRING;STRING;STRING;STRING;STRING;STRING;STRING;INT;STRING;STRING;STRING;STRING
Unity;NA;NA;Ah;NA;NA;kg;mm**2;kg/m**3;NA;J/kg/K;W/m/K;V;V;A;A;A;A;A;A;degC;degC;degC;null;null;null;null;null;null;null;null;null;null;null;null;null;null;null;Ah;percent;s;degC;percent;percent;percent;percent;percent;percent;null;J;null;null;null;null;null;null;null;V;V;V;V;V;V;V/K;Ohm;Ohm;Ohm;Ohm;F;Ohm;s;Ohm;rad/s;rad/s;Ohm;F;Ohm;F;Ohm;F;Ohm;F;Ohm;F;percent;percent;percent;percent;percent/week;percent/week;null;null;null;null;NA;null;null;null;null
Default value;NA;NA;NA;NA;NA;NA;NA;NA;NA;NA;NA;NA;NA;NA;NA;NA;NA;NA;NA;NA;NA;NA;1;1;1;1;1;1;2;1;1;1;1;1;1;1;1;2.3;15;30;25;100;100;80;300;300;300;1;31700;370.3;0.55;0.0344;2.55;0.0164;1.27;1;3.21+1.5e-3*soc+9e-6*sinh((soc-55)/4.7);3.22+1.5e-3*soc+9e-6*sinh((soc-55)/4.7);3.20+1.5e-3*soc+9e-6*sinh((soc-55)/4.7);3.21+1.5e-3*soc+9e-6*sinh((soc-55)/4.7)+(-2.5e-4+1.1e-5*soc-8e-8*soc^2)*(temp-25);3.22+1.5e-3*soc+9e-6*sinh((soc-55)/4.7)+(-2.5e-4+1.1e-5*soc-8e-8*soc^2)*(temp-25);3.20+1.5e-3*soc+9e-6*sinh((soc-55)/4.7)+(-2.5e-4+1.1e-5*soc-8e-8*soc^2)*(temp-25);1.00E-10;0.005;0.005;0.005;0.005;300;0.009;300;0.0015;0.33;1;0.004;10000;0.004;10000;0.004;10000;0.004;10000;0.004;10000;80+sohc*0.2;300-sohr*2;300-sohr*2;300-sohr*2;0.21*(1+0.026*soc)*exp(-340*(1/(temp+273.15)-1/(25+273.15)))+4.1*abs(I)*(1-0.011*SOC)*(1-0.01*(temp-25)+6e-4*(temp-25)^2);0.21*(1+0.026*soc)*exp(-340*(1/(temp+273.15)-1/(25+273.15)))+4.1*abs(I)*(1-0.011*SOC)*(1-0.01*(temp-25)+6e-4*(temp-25)^2);16000;900000;70000;0.9;1;0.0012;2.7;1.5;0.62
Description;Cell name;Chemistry of the battery cell (not used for ultra-capacitor);Cell reference capacity;Aging modeling: with (=1) or without (=0);Type of circuit model (eg, OCV+Rohm, OCV+Rohm+Rdiff/Cdiff);Mass of material (of the cell);Convective exchange area;Density of the material;Format: cylindrical (=1), prismatic (0);Specific heat of the material;Thermal conductivity of the material;Minimum voltage;Maximum voltage;Continuous charge current;Pulse charge current (10 s);Pulse charge current (30 s);Continuous discharge current;Pulse discharge current (10 s);Pulse discharge current (30 s);Recommended temperature;Minimum temperature;Maximum temperature;faradic efficiency modeling (1-no, 2-yes);entropic coefficient modeling (1-no, 2-OCV adjusted with dUdT data, 3-dUdT calculated with OCV data);hysteresis modeling (1-no, 2-yes);charge/discharge ohmic resistance modeling (1-no, 2-yes);charge transfert modeling (1-no, 2-R, 3-RC);diffusion modeling (1-no, 2-RC loop, 3-Warburg, 4-Resistance and time constant);number of diffusion lumped states;heat flow calculation (1-I*deltaU, 2-R*I^2);thermal runaway modeling (1-no, 2-yes);aging modeling (1-no, 2-static, 3-dynamic (user defined), 4- semi-empirical);aging influence (1-capacity only, 2-resistance only, 3-both);capacity aging with SOHc;resistance aging with SOHr;current filtering for aging computation (1-no, 2-yes);resistance aging modeling (1-No, 2-Yes);cell capacity;state of charge variation for full charge/discharge open circuit voltage transition (hysteresis width);current filtering time constant for aging;reference temperature for open circuit voltage;static capacity state of health;static resistance state of health;end of life capacity ratio;end of life ohmic resistance ratio;end of life charge transfer resistance ratio;end of life diffusion resistance ratio;minimum C-rate for full cycle aging;cycle aging Arrhenius mechanism activation energy;cycle aging Arrhenius mechanism acceleration coefficient;cycle aging Arrhenius mechanism time exponent;resistance calendar aging coefficient;resistance calendar aging exponent;resistance cycle aging coefficient;resistance cycle aging exponent;faradic efficiency [fraction] filename or expression = f(soc[percent], temp[degC], I[A]);open circuit voltage [V] filename or expression = f(soc[percent]);charge open circuit voltage [V] filename or expression = f(soc[percent]);discharge open circuit voltage [V] filename or expression = f(soc[percent]);open circuit voltage [V] filename or expression = f(soc[percent], temp[degC]);charge open circuit voltage [V] filename or expression = f(soc[percent], temp[degC]);discharge open circuit voltage [V] filename or expression = f(soc[percent], temp[degC]);entropic coefficient [V/K] filename or expression = f(soc[percent]);ohmic resistance [Ohm] filename or expression = f(soc[percent], temp[degC], I[A]);charge ohmic resistance [Ohm] filename or expression = f(soc[percent], temp[degC], I[A]);discharge ohmic resistance [Ohm] filename or expression = f(soc[percent], temp[degC], I[A]);charge transfer resistance [Ohm] filename or expression = f(soc[percent], temp[degC], I[A]);charge transfer capacitance [F] filename or expression = f(soc[percent], temp[degC], I[A]);diffusion steady-state resistance [Ohm] filename or expression = f(soc[percent], temp[degC], I[A]);diffusion time coefficient [s] filename or expression = f(soc[percent], temp[degC], I[A]);diffusion impedance imaginary part at Warburg lowest pulsation [Ohm] filename or expression = f(soc[percent], temp[degC], I[A]);diffusion Warburg lowest pulsation [rad/s] filename or expression = f(soc[percent], temp[degC], I[A]);diffusion Warburg highest pulsation [rad/s] filename or expression = f(soc[percent], temp[degC], I[A]);"In mode ""RC loops"" for the 1st RC circuit, diffusion resistance [Ohm] filename or expression = f(soc[percent], temp[degC], I[A])";"In mode ""RC loops"" for the 1st RC circuit, diffusion capacitance [F] filename or expression = f(soc[percent], temp[degC], I[A])";"In mode ""RC loops"" for the 1st RC circuit, diffusion resistance [Ohm] filename or expression = f(soc[percent], temp[degC], I[A])";"In mode ""RC loops"" for the 1st RC circuit, diffusion capacitance [F] filename or expression = f(soc[percent], temp[degC], I[A])";"In mode ""RC loops"" for the 2nd RC circuit, diffusion resistance [Ohm] filename or expression = f(soc[percent], temp[degC], I[A])";"In mode ""RC loops"" for the 2nd RC circuit, diffusion capacitance [F] filename or expression = f(soc[percent], temp[degC], I[A])";"In mode ""RC loops"" for the 3rd RC circuit, diffusion resistance [Ohm] filename or expression = f(soc[percent], temp[degC], I[A])";"In mode ""RC loops"" for the 3rd RC circuit, diffusion capacitance [F] filename or expression = f(soc[percent], temp[degC], I[A])";"In mode ""RC loops"" for the 4th RC circuit, diffusion resistance [Ohm] filename or expression = f(soc[percent], temp[degC], I[A])";"In mode ""RC loops"" for the 4th RC circuit, diffusion capacitance [F] filename or expression = f(soc[percent], temp[degC], I[A])";capacity ratio [percent] filename or expression = f(sohc[percent]) -- for dynamic (user defined) aging;ohmic resistance ratio [percent] filename or expression = f(sohr[percent]) -- for dynamic (user defined) aging;charge transfer resistance ratio [percent] filename or expression = f(sohr[percent]) -- for dynamic (user defined) aging;diffusion resistance ratio [percent] filename or expression = f(sohr[percent]) -- for dynamic (user defined) aging;capacity aging rate (minus derivative of SOHc) [percent/week] filename or expression = f(soc[percent], I[A], temp[degC], sohc[percent]) -- for dynamic (user defined) aging;resistance aging rate (minus derivative of SOHr) [percent/week] filename or expression = f(soc[percent], I[A], temp[degC], sohr[percent]) -- for dynamic (user defined) aging;cycle aging Arrhenius mechanism pre-exponential factor table or expression = f(I[A]);calendar aging pre-exponential factor table or expression = f(soc[%]);calendar aging activation energy table or expression = f(soc[%]);calendar aging time exponent table or expression = f(soc[%]);cycle aging side reaction;cycle aging side reaction pre-power factor table or expression = f(Temp[degC]);cycle aging side reaction acceleration coefficient table or expression = f(soc[%]);cycle aging side reaction power exponent table or expression = f(soc[%]);cycle aging side reaction time exponent table or expression = f(I[A])
;;;;;;;;;;;;;;;;;;;;;;;;;;;;;;;;;;;;;;;;;;;;;;;;;;;;;;;;;;;;;;;;;;;;;;;;;;;;;;;;;;;;;;;;;;;;;;;;;;
[Parameter Data];;;;;;;;;;;;;;;;;;;;;;;;;;;;;;;;;;;;;;;;;;;;;;;;;;;;;;;;;;;;;;;;;;;;;;;;;;;;;;;;;;;;;;;;;;;;;;;;;;
1;Li-ion LFP-C High Power quasi-static battery cell with dynamic semi-empirical aging;LFP HP;2.3;1;OCV+Rohm;0.07;6371.15;2028;1;2000;1.5;2;3.6;10;NA;NA;70;120;NA;NA;-30;60;1;2;1;2;1;1;NA;1;1;1;NA;NA;NA;2;1;2.3;NA;30;40;NA;NA;NA;NA;NA;NA;1;31700;370.3;0.55;NA;NA;NA;NA;NA;$AME/libess/data/LFPC2v3/OCV_40degC.data;NA;NA;NA;NA;NA;$AME/libess/data/LFPC2v3/ETMS.data;NA;$AME/libess/data/LFPC2v3/data_R_ch.data;$AME/libess/data/LFPC2v3/data_R_dch.data;NA;NA;NA;NA;NA;NA;NA;NA;NA;NA;NA;NA;NA;NA;NA;NA;NA;NA;NA;NA;NA;NA;NA;$AME/libess/data/LFPC2v3/aging/Bcyc.data;$AME/libess/data/LFPC2v3/aging/Bcal.data;$AME/libess/data/LFPC2v3/aging/Eacal.data;$AME/libess/data/LFPC2v3/aging/zcal.data;NA;NA;NA;NA;NA
2;Li-ion LFP-C High Energy quasi-static battery cell;LFP HE;45;0;OCV+Rohm;0.99;99310;1678;0;1600;1.1;2.5;3.65;45;135;NA;135;210;NA;40;-10;60;1;2;1;2;1;1;NA;1;1;1;NA;NA;NA;NA;NA;45;NA;NA;40;NA;NA;NA;NA;NA;NA;NA;NA;NA;NA;NA;NA;NA;NA;NA;$AME/libess/data/LFPCHE45/OCV_40degC.data;NA;NA;NA;NA;NA;$AME/libess/data/LFPCHE45/dUdT.data;NA;$AME/libess/data/LFPCHE45/Rchg.data;$AME/libess/data/LFPCHE45/Rdchg.data;NA;NA;NA;NA;NA;NA;NA;NA;NA;NA;NA;NA;NA;NA;NA;NA;NA;NA;NA;NA;NA;NA;NA;NA;NA;NA;NA;NA;NA;NA;NA;NA
3;Li-ion LMO-C High Energy quasi-static battery cell;LMO HE;43;0;OCV+Rohm;0.97;74805;2610;0;1200;15;3;4.2;34;NA;130;86;NA;130;40;-35;55;1;2;1;2;1;1;NA;1;1;1;NA;NA;NA;NA;NA;43;NA;NA;40;NA;NA;NA;NA;NA;NA;NA;NA;NA;NA;NA;NA;NA;NA;NA;$AME/libess/data/LMOCHE/OCV_40degC.data;NA;NA;NA;NA;NA;$AME/libess/data/LMOCHE/dUdT.data;NA;$AME/libess/data/LMOCHE/R_ch.data;$AME/libess/data/LMOCHE/R_dch.data;NA;NA;NA;NA;NA;NA;NA;NA;NA;NA;NA;NA;NA;NA;NA;NA;NA;NA;NA;NA;NA;NA;NA;NA;NA;NA;NA;NA;NA;NA;NA;NA
4;Li-ion LMO-C High Power quasi-static battery cell with dynamic semi-empirical aging;LMO HP;5;1;OCV+Rohm;0.15;32500;2000;0;2500;1.5;2.5;4.2;50;NA;NA;50;NA;140;25;-20;60;1;2;1;2;1;1;NA;1;1;1;NA;NA;NA;1;2;5;NA;NA;40;NA;NA;NA;NA;NA;NA;1;95115;10.79;0.754;0.0344;2.55;0.0164;1.27;NA;$AME/libess/data/LMOCHP/OCV_40degC.data;NA;NA;NA;NA;NA;$AME/libess/data/LMOCHP/dUdT.data;NA;$AME/libess/data/LMOCHP/R_ch.data;$AME/libess/data/LMOCHP/R_dch.data;NA;NA;NA;NA;NA;NA;NA;NA;NA;NA;NA;NA;NA;NA;NA;NA;NA;NA;NA;NA;NA;NA;NA;$AME/libess/data/LMOCHP/Bcyc.data;$AME/libess/data/LMOCHP/Bcal.data;63791;0.6506;NA;NA;NA;NA;NA
5;Li-ion NCA-C High Energy quasi-static battery cell with dynamic semi-empirical aging;NCA HE;2.95;1;OCV+Rohm;0.0455;4184;2568;1;2000;1.5;2.5;4.2;4.425;NA;NA;5.9;NA;NA;NA;-10;60;1;2;1;2;1;1;NA;1;1;4;NA;NA;NA;1;1;2.95;NA;NA;40;NA;NA;NA;NA;NA;NA;0.2;29796.65;756.7;0.6021;NA;NA;NA;NA;NA;$AME/libess/data/18650_HE/OCV_40degC.data;NA;NA;NA;NA;NA;$AME/libess/data/18650_HE/AME_dUdT.data;NA;$AME/libess/data/18650_HE/Rch_AME.data;$AME/libess/data/18650_HE/Rdch_AME.data;NA;NA;NA;NA;NA;NA;NA;NA;NA;NA;NA;NA;NA;NA;NA;NA;NA;NA;NA;NA;NA;NA;NA;$AME/libess/data/18650_HE/aging/Bcyc.data;$AME/libess/data/18650_HE/aging/Bcal.data;19364.95;$AME/libess/data/18650_HE/aging/zcal.data;NA;NA;NA;NA;NA
6;Li-ion NCA-C High Power quasi-static battery cell with dynamic semi-empirical aging;NCA HP;22;1;OCV+Rohm;0.68;29179;2048;1;1500;1.5;2.7;4.2;110;NA;NA;110;NA;300;40;-20;60;1;2;1;2;1;1;NA;1;1;1;NA;NA;NA;2;1;22;NA;0.1;40;NA;NA;NA;NA;NA;NA;1;18461;31.99;0.4;NA;NA;NA;NA;NA;$AME/libess/data/NCAC_HP/OCV_40degC.data;NA;NA;NA;NA;NA;$AME/libess/data/NCAC_HP/AME_dUdT.data;NA;$AME/libess/data/NCAC_HP/Rch_AME.data;$AME/libess/data/NCAC_HP/Rdch_AME.data;NA;NA;NA;NA;NA;NA;NA;NA;NA;NA;NA;NA;NA;NA;NA;NA;NA;NA;NA;NA;NA;NA;NA;130;$AME/libess/data/NCAC_HP/Bcal.data;52862;0.52;NA;NA;NA;NA;NA
7;Li-ion Ni-rich NMC-C High Energy quasi-static battery cell with dynamic semi-empirical aging;NiRich NMC HE;26;1;OCV+Rohm;0.72;40246;2332;0;1200;15;2.8;4.15;50;NA;91;98;NA;98;40;-40;60;1;2;1;2;1;1;NA;1;1;4;NA;NA;NA;NA;NA;26;NA;NA;40;NA;NA;NA;NA;NA;NA;0.05;16630.37;1500;0.7433016;NA;NA;NA;NA;NA;$AME/libess/data/NiRichNMCCHE/OCV_40degC.data;NA;NA;NA;NA;NA;$AME/libess/data/NiRichNMCCHE/dUdT.data;NA;$AME/libess/data/NiRichNMCCHE/R_ch.data;$AME/libess/data/NiRichNMCCHE/R_dch.data;NA;NA;NA;NA;NA;NA;NA;NA;NA;NA;NA;NA;NA;NA;NA;NA;NA;NA;NA;NA;NA;NA;NA;$AME/libess/data/NiRichNMCCHE/aging/Bcyc.data;13726238.45;$AME/libess/data/NiRichNMCCHE/aging/Eacal.data;$AME/libess/data/NiRichNMCCHE/aging/zcal.data;2;$AME/libess/data/NiRichNMCCHE/aging/BcycSR.data;$AME/libess/data/NiRichNMCCHE/aging/alphacycSR.data;0.277375756;$AME/libess/data/NiRichNMCCHE/aging/zcycSR.data
8;Li-ion NMC-C High Energy quasi-static battery cell;NMC HE;42;0;OCV+Rohm;0.935;102430;2196;0;1300;1.1;2.7;4.2;40;NA;40;40;NA;200;40;-20;60;1;2;1;2;1;1;NA;1;1;1;NA;NA;NA;NA;NA;42;NA;NA;44.103;NA;NA;NA;NA;NA;NA;NA;NA;NA;NA;NA;NA;NA;NA;NA;$AME/libess/data/NMCCHE40/OCV_44degC.data;NA;NA;NA;NA;NA;$AME/libess/data/NMCCHE40/dUdT.data;NA;$AME/libess/data/NMCCHE40/Rchg.data;$AME/libess/data/NMCCHE40/Rdchg.data;NA;NA;NA;NA;NA;NA;NA;NA;NA;NA;NA;NA;NA;NA;NA;NA;NA;NA;NA;NA;NA;NA;NA;NA;NA;NA;NA;NA;NA;NA;NA;NA
9;Li-ion NMC-C High Power quasi-static battery cell with dynamic semi-empirical aging;NMC HP;8;1;OCV+Rohm;0.226;56382;2009;0;1300;1.1;2.7;4.2;15;NA;15;37.5;NA;75;40;-20;60;1;2;1;2;1;1;NA;1;1;1;NA;NA;NA;2;1;8;NA;30;40;NA;NA;NA;NA;NA;NA;1;85927.5;150.53;1;NA;NA;NA;NA;NA;$AME/libess/data/NMCCHP7v5/OCV_40degC.data;NA;NA;NA;NA;NA;$AME/libess/data/NMCCHP7v5/dUdT.data;NA;$AME/libess/data/NMCCHP7v5/Rchg.data;$AME/libess/data/NMCCHP7v5/Rdchg.data;NA;NA;NA;NA;NA;NA;NA;NA;NA;NA;NA;NA;NA;NA;NA;NA;NA;NA;NA;NA;NA;NA;NA;20304000000;$AME/libess/data/NMCCHP7v5/aging/Bcal.data;$AME/libess/data/NMCCHP7v5/aging/Eacal.data;$AME/libess/data/NMCCHP7v5/aging/zcal.data;NA;NA;NA;NA;NA
10;NiMH quasi-static battery cell;NiMH;6.5;0;OCV+Rohm;0.165;8300;4296;0;1300;23;1;1.45;6.5;65;NA;13;90;NA;NA;0;40;2;3;2;2;1;1;NA;1;1;1;NA;NA;NA;NA;NA;6.5;8;NA;40;NA;NA;NA;NA;NA;NA;NA;NA;NA;NA;NA;NA;NA;NA;0.97*(1-exp((soc-103)/6));NA;NA;NA;NA;$AME/libess/data/NiMH/OCVchg.data;$AME/libess/data/NiMH/OCVdchg.data;NA;NA;$AME/libess/data/NiMH/Rchg.data;$AME/libess/data/NiMH/Rdchg.data;NA;NA;NA;NA;NA;NA;NA;NA;NA;NA;NA;NA;NA;NA;NA;NA;NA;NA;NA;NA;NA;NA;NA;NA;NA;NA;NA;NA;NA;NA;NA;NA
11;Li-ion LFP-C High Power dynamic battery cell with dynamic semi-empirical aging;LFP HP;2.3;1;OCV+Rohm+Rdiff//Cdiff;0.07;6371.15;2028;1;2000;1.5;2;3.6;10;NA;NA;70;120;NA;NA;-30;60;1;2;1;1;2;2;1;1;1;1;NA;NA;NA;2;1;2.3;NA;30;40;NA;NA;NA;NA;NA;NA;NA;NA;NA;NA;NA;NA;NA;NA;NA;$AME/libess/data/LFPC2v3/OCV_40degC.data;NA;NA;NA;NA;NA;$AME/libess/data/LFPC2v3/ETMS.data;8.81990e-003*exp(9.574e+003/8.314*(1/(Temp+273.15)-1/275));NA;NA;2.45508e-002*exp(4.8e+004/8.314*(1/(Temp+273.15)-1/275));NA;NA;NA;NA;NA;NA;5.22e-002*exp(3.366315e+004/8.314*(1/(Temp+273.15)-1/275));$AME/libess/data/LFPC2v3/Cdiff.data;NA;NA;NA;NA;NA;NA;NA;NA;NA;NA;NA;NA;NA;NA;$AME/libess/data/LFPC2v3/aging/Bcyc.data;$AME/libess/data/LFPC2v3/aging/Bcal.data;$AME/libess/data/LFPC2v3/aging/Eacal.data;$AME/libess/data/LFPC2v3/aging/zcal.data;NA;NA;NA;NA;NA
12;Li-ion LCO/LMO-LTO high power 10 Ah quasi-static battery cell;LCO/LMO-LTO HP;10;0;OCV+Rohm;0.373;62507.2;1901;0;979;2.52;1.5;3;100;NA;NA;200;600;NA;NA;-40;55;1;2;1;2;1;1;NA;1;1;1;NA;NA;NA;NA;NA;10;NA;NA;38.996;NA;NA;NA;NA;NA;NA;NA;NA;NA;NA;NA;NA;NA;NA;NA;$AME/libess/data/LCOLMOLTO_HP/OCV_38degC.data;NA;NA;NA;NA;NA;$AME/libess/data/LCOLMOLTO_HP/dUdT.data;NA;$AME/libess/data/LCOLMOLTO_HP/Rch.data;$AME/libess/data/LCOLMOLTO_HP/Rdch.data;NA;NA;NA;NA;NA;NA;NA;NA;NA;NA;NA;NA;NA;NA;NA;NA;NA;NA;NA;NA;NA;NA;NA;NA;NA;NA;NA;NA;NA;NA;NA;NA
13;High power ultracapacitor Li-ion 1 Ah quasi-static battery cell;LIC HP;1;0;OCV+Rohm;0.278;35190;1328;0;2500;1.5;2.2;3.8;200;NA;NA;200;200;NA;NA;-30;70;1;2;1;2;1;1;NA;1;1;1;NA;NA;NA;NA;NA;1;NA;NA;40;NA;NA;NA;NA;NA;NA;NA;NA;NA;NA;NA;NA;NA;NA;NA;$AME/libess/data/LIC_1Ah/OCV_40degC.data;NA;NA;NA;NA;NA;-0.001;NA;$AME/libess/data/LIC_1Ah/Rch.data;$AME/libess/data/LIC_1Ah/Rdch.data;NA;NA;NA;NA;NA;NA;NA;NA;NA;NA;NA;NA;NA;NA;NA;NA;NA;NA;NA;NA;NA;NA;NA;NA;NA;NA;NA;NA;NA;NA;NA;NA
14;Li-ion Ni-rich NMC-SiC High Energy 3 Ah quasi-static battery cell;NiRich NMC-SiC HE;3;0;OCV+Rohm;0.047;3675;2841;1;1200;5;2.5;4.2;4;NA;4;20;NA;30;40;-20;60;1;2;1;2;1;1;NA;1;1;1;NA;NA;NA;NA;NA;3.075;NA;NA;25;NA;NA;NA;NA;NA;NA;NA;NA;NA;NA;NA;NA;NA;NA;NA;$AME/libess/data/NiRchNMCSiCHE/OCV_25degC.data;NA;NA;NA;NA;NA;$AME/libess/data/NiRchNMCSiCHE/dUdT.data;NA;$AME/libess/data/NiRchNMCSiCHE/Rch.data;$AME/libess/data/NiRchNMCSiCHE/Rdch.data;NA;NA;NA;NA;NA;NA;NA;NA;NA;NA;NA;NA;NA;NA;NA;NA;NA;NA;NA;NA;NA;NA;NA;NA;NA;NA;NA;NA;NA;NA;NA;NA
15;Li-ion Ni-rich NMC-SiC High Energy 3 Ah dynamic battery cell;NiRich NMC-SiC HE;3;0;OCV+Rohm+Rdiff//Cdiff;0.047;3675;2841;1;1200;5;2.5;4.2;4;NA;4;20;NA;30;40;-20;60;1;2;1;2;1;2;4;1;1;1;NA;NA;NA;NA;NA;3.075;NA;NA;25;NA;NA;NA;NA;NA;NA;NA;NA;NA;NA;NA;NA;NA;NA;NA;$AME/libess/data/NiRchNMCSiCHE/OCV_25degC.data;NA;NA;NA;NA;NA;$AME/libess/data/NiRchNMCSiCHE/dUdT.data;NA;$AME/libess/data/NiRchNMCSiCHE/Rohm_ch.data;$AME/libess/data/NiRchNMCSiCHE/Rohm_dch.data;NA;NA;NA;NA;NA;NA;NA;NA;NA;$AME/libess/data/NiRchNMCSiCHE/Rdiff1.data;$AME/libess/data/NiRchNMCSiCHE/Cdiff1.data;$AME/libess/data/NiRchNMCSiCHE/Rdiff2.data;$AME/libess/data/NiRchNMCSiCHE/Cdiff2.data;$AME/libess/data/NiRchNMCSiCHE/Rdiff3.data;$AME/libess/data/NiRchNMCSiCHE/Cdiff3.data;$AME/libess/data/NiRchNMCSiCHE/Rdiff4.data;$AME/libess/data/NiRchNMCSiCHE/Cdiff4.data;NA;NA;NA;NA;NA;NA;NA;NA;NA;NA;NA;NA;NA;NA;NA
16;Li-ion NCA-C High Energy dynamic battery cell with dynamic semi-empirical aging;NCA HE;2.95;1;OCV+Rohm+Rdiff//Cdiff;0.0455;4184;2568;1;2000;1.5;2.5;4.2;4.425;NA;NA;5.9;NA;NA;NA;-10;60;1;2;1;2;1;2;2;1;1;4;NA;NA;NA;1;1;2.95;NA;NA;40;NA;NA;NA;NA;NA;NA;0.2;29796.65;756.7;0.6021;NA;NA;NA;NA;NA;$AME/libess/data/18650_HE/OCV_40degC.data;NA;NA;NA;NA;NA;$AME/libess/data/18650_HE/AME_dUdT.data;NA;abs((2.297660e-02)+(6.688800e-02)*(soc/100)+(-0.01)*(soc/100)**2+(-0.01)*(soc/100)**3)/exp(-(10000)/8.314*(1/(Temp+273.15)-1/(273.15+25)))*0.85;abs((5.492490e-02)+(-0.01)*(soc/100)+(-0.01)*(soc/100)**2+(3.378780e-02)*(soc/100)**3)/exp(-(10000)/8.314*(1/(Temp+273.15)-1/(273.15+25)))*0.85;NA;NA;NA;NA;NA;NA;NA;NA;NA;abs((7.566690e-02)+(-0.01)*(soc/100)+(2.140110e-05)*(soc/100)**2+(1.015510e-08)*(soc/100)**3)/exp(-(1.821910e+04)/8.314*(1/(Temp+273.15)-1/(273.15+25)))*(1+(abs(I)>0)*0.3523)/3;((1.593620e+03))*exp(-(2.228180e+04)/8.314*(1/(Temp+273.15)-1/(273.15+25)));abs((3.246470e-02)+(-6.505780e-03)*(soc/100)+(-6.556420e-05)*(soc/100)**2+(3.468580e-09)*(soc/100)**3+(-1.723670e-13)*(soc/100)**4)/exp(-(2.606960e+04)/8.314*(1/(Temp+273.15)-1/(273.15+25)))*(1+(abs(I)>0)*(-0.50452));((4.573490e+01)+(soc/100)+(2.004980e+00)*(soc/100)**2+(1.797380e-02)*(soc/100)**3)*exp(-(3.715250e+04)/8.314*(1/(Temp+273.15)-1/(273.15+25)));NA;NA;NA;NA;NA;NA;NA;NA;NA;NA;$AME/libess/data/18650_HE/aging/Bcyc.data;$AME/libess/data/18650_HE/aging/Bcal.data;19364.95;$AME/libess/data/18650_HE/aging/zcal.data;NA;NA;NA;NA;NA
